Name,A1,B1,D1,A3,B3,D3,Pin
Rf,0,0.4,0.5,0.3,0.5,0.45,0.5
AJANA,b,i,a,b,h,b,ab
ANLACE,a,c,a,c,g,c,aa
ANNUELLO,a,u,a,b,b,b,ab
ARNHEM,a,i,a,b,d,b,ba
BABBLER,a,i,a,b,b,c,ab
BANKS,b,u,a,b,b,c,ab
BARUNGA,a,u,d,c,b,c,ab
BATAVIA,a,u,a,c,b,c,ab
BAVIACORA,b,c,d,c,h,b,ba
BAXTER,a,f,a,b,h,a,ab
BENCUBBIN,b,c,a,e,b,a,aa
BEULAH,b,u,a,c,b,b,ab
BLADE,b,i,a,b,b,b,ab
BLANCO,b,c,d,c,g,a,ba
BLUEBIRD,a,i,d,d,h,a,ba
BOKAL,b,i,a,e,b,b,ba
BONNIEROCK,a,i,a,c,b,c,ab
BOWERBIRD,a,i,d,b,h,b,ba
BRAEWOOD,a,u,a,c,b,b,ab
BROOKTON,b,i,a,c,h,a,ab
BUCKLEY,a,c,a,c,b,c,aa
BUNGULLA,b,c,a,e,b,a,aa
CADOUX,b,i,a,b,b,a,aa
CALINGIRI,b,f,a,d,d,a,aa
CAMM,a,c,d,b,h,c,ab
CARNAMAH,b,c,a,c,d,c,ba
CHOUGH,b,u,a,b,b,b,aa
ClearfdJNZ,a,u,a,b,b,b,ab
ClearfdSTL,a,c,d,e,g,b,ab
COCAMBA,b,u,a,b,b,b,ab
COOK,a,u,a,b,b,b,ab
CRANBROOK,b,i,a,b,d,a,ba
CUNNINGHAM,a,u,a,c,b,b,ab
CURRAWONG,a,c,a,c,b,b,ba
DAGGER,a,c,d,c,h,c,ab
DARKAN,b,c,d,b,b,a,ab
DARTER,b,i,a,d,b,b,ab
DECLIC,b,u,a,d,b,a,ab
DIAMONDBIRD,a,i,d,b,h,b,ba
DOLLARBIRD,a,i,d,b,h,b,ba
DRYSDALE,a,i,d,b,b,b,ba
EAGLE,b,i,a,e,b,b,ba
EGA_GREGORY,a,u,a,c,b,c,ab
EGA_HUME,a,u,a,c,b,c,ab
EGA_WEDGETAIL,a,i,d,b,h,b,ab
EGA_WENTWORTH,a,u,a,b,b,b,ab
EGRET,c,u,d,c,b,b,aa
ERADU,a,i,a,c,b,b,aa
FALCON,b,i,a,e,b,b,ba
FRAME,a,u,d,c,h,c,ab
GABO,b,i,a,b,b,b,ba
GAMENYA_W,b,i,a,b,b,b,aa
GBA_COMBAT,b,i,a,c,h,c,ab
GBA_RUBY,b,i,d,d,h,b,ba
GILES,a,i,a,b,b,b,ab
GLOVER,a,i,d,b,h,b,ba
GLUCLUB,b,e,a,e,d,a,aa
GLUYAS EARLY,b,e,a,e,d,a,aa
GOLDMARK,a,i,a,c,h,b,ab
GOROKE,c,u,a,b,b,b,ab
GUTHA,b,i,a,b,b,b,ba
H45,a,u,a,c,h,b,ab
HARTOG,a,i,d,b,h,b,ba
JACUP,b,i,a,b,b,a,aa
JANZ,a,u,a,b,b,b,ab
KARLGARIN,a,c,d,c,h,c,ab
KATUNGA,a,e,a,e,g,b,aa
KATYIL,a,e,d,e,b,a,aa
KELLALAC,b,e,a,c,b,c,ab
KENNEDY,a,i,d,b,h,b,ba
KIATA,b,u,a,b,b,b,ab
KITE,b,i,a,e,b,b,ab
KRICHAUFF,a,c,d,c,b,a,ab
LANG,a,u,d,c,b,b,ab
LARK,b,i,a,d,b,c,ab
LEICHHARDT,a,i,d,e,h,b,ba
LILLIMUR,b,i,a,c,g,b,aa
LORIKEET,b,u,a,b,b,a,aa
LOWAN,a,u,a,d,h,a,ab
MACHETE,b,i,a,b,b,b,ba
MADDEN,b,i,a,c,b,b,ba
MATONG,a,e,d,e,g,b,aa
MEERING,b,u,a,b,b,b,ab
MILING,b,i,a,b,b,b,ab
MILLEWA,c,i,a,c,g,b,ba
MINTO,c,u,a,b,b,b,ab
MIRA,b,u,a,b,b,b,ab
MOKOAN,a,e,a,e,g,b,aa
MOLINEUX,a,u,d,c,b,c,ab
MORAY,c,u,a,c,b,b,ab
MULGARA,a,u,a,b,b,b,ab
NABAWA,b,c,d,e,b,a,aa
OLYMPIC,a,e,d,e,b,a,aa
OSPREY,b,u,a,c,b,b,ab
OUYEN,b,u,a,c,b,b,ba
OWLET,c,u,a,c,b,b,ab
OXLEY,b,u,a,b,b,b,ab
PARDALOTE,a,u,d,c,b,c,ab
PELSART,a,u,a,b,b,b,ab
PEROUSE,b,u,a,b,b,b,ab
PETRIE,a,u,d,b,b,c,ab
PITIC 62,a,u,a,c,b,b,ba
PUGSLEY,a,u,d,c,h,c,ab
RAVEN,a,c,d,c,b,c,ab
REES,b,i,d,b,h,b,ba
RHEA,b,c,a,e,b,b,ba
ROSELLA,b,u,a,b,b,b,aa
ROWAN,a,i,d,c,h,b,ba
RUBRIC,b,al,a,d,b,c,ba
SABRE,b,c,d,e,b,b,ab
SHRIKE,c,u,a,b,b,b,ab
SNIPE,c,u,a,c,b,b,aa
SPEAR,a,c,d,c,h,c,ab
STILETTO,a,c,d,c,h,c,ab
STRETTON,b,i,a,c,b,c,ba
STRZELECKI,a,u,a,c,b,c,ab
STURT,b,i,a,b,b,a,ab
SUNBRI,a,u,a,b,b,b,ab
SUNCO,a,u,a,b,b,b,ab
SUNECA,a,i,d,d,h,b,ba
SUNELG,b,i,a,e,b,b,ab
SUNLAND,a,u,a,b,b,b,ab
SUNLIN,b,i,a,d,b,b,ab
SUNMIST,a,i,a,b,b,b,ba
SUNSOFT_98,b,u,a,b,b,b,aa
SUNSTAR,b,u,d,c,b,b,ab
SUNSTATE,a,i,d,b,h,b,ba
SUNVALE,a,u,a,b,b,b,ab
SWIFT,b,u,a,b,b,b,ab
TAILORBIRD,a,i,d,b,h,b,ba
TAKARI,b,i,a,c,b,b,ba
TAMMIN,b,i,a,c,b,b,aa
TATIARA,a,c,a,c,b,c,aa
TRIDENT,a,c,d,e,h,c,ab
TUI,a,c,a,c,h,b,ba
VASCO,b,u,a,b,b,b,ab
VECTIS,a,u,a,c,b,a,aa
VULCAN,a,i,a,b,b,b,ab
WARIMBA,b,i,a,c,b,b,ba
WESTONIA,b,i,a,c,h,c,ba
WILGOYNE,b,i,d,d,h,b,ba
WONGOONDY,b,c,d,e,b,a,ab
WYUNA,b,i,a,c,h,b,aa
YANAC,b,e,a,b,b,b,ab
YARRALINKA,b,i,d,c,b,b,ab
YITPI,a,u,d,c,h,c,ab
